{
  "Nordjylland": 106.87601957585645,
  "København og Omegn": 61.10769230769231,
  "Nordsjælland": 70.50248481501933,
  "Bornholm": 115.42600896860986,
  "Sjælland": 95.66538918990352,
  "Fyn": 96.10748002904866,
  "Sydjylland": 103.98063474986552,
  "Østjylland": 90.8182338355903,
  "Vestjylland": 104.77653631284916
}
