{
  "Nordjylland": 106.84719009389032,
  "København og Omegn": 61.1660777385159,
  "Nordsjælland": 70.51119093672285,
  "Bornholm": 115.16778523489933,
  "Sjælland": 95.63689217758986,
  "Fyn": 96.04075691411936,
  "Sydjylland": 103.94822006472492,
  "Østjylland": 90.7624689470667,
  "Vestjylland": 104.77299185098953
}