{
    "Hillerød Kommune": {
        "color": 72.5,
        "greens": 87,
        "reds": 32,
        "yellows": 145
    },
    "Halsnæs Kommune": {
        "color": 104.77611940298507,
        "greens": 262,
        "reds": 12,
        "yellows": 61
    },
    "Esbjerg Kommune": {
        "color": 96.32530120481928,
        "greens": 433,
        "reds": 31,
        "yellows": 200
    },
    "Kerteminde Kommune": {
        "color": 94.5679012345679,
        "greens": 147,
        "reds": 7,
        "yellows": 89
    },
    "Skive Kommune": {
        "color": 115.77049180327869,
        "greens": 569,
        "reds": 2,
        "yellows": 39
    },
    "Læsø Kommune": {
        "color": 113.76,
        "greens": 113,
        "reds": 1,
        "yellows": 11
    },
    "Lolland Kommune": {
        "color": 113.93654524089307,
        "greens": 770,
        "reds": 5,
        "yellows": 76
    },
    "Stevns Kommune": {
        "color": 83.2183908045977,
        "greens": 125,
        "reds": 24,
        "yellows": 112
    },
    "Svendborg Kommune": {
        "color": 85.728,
        "greens": 322,
        "reds": 54,
        "yellows": 249
    },
    "Vallensbæk Kommune": {
        "color": 69.23076923076923,
        "greens": 22,
        "reds": 12,
        "yellows": 31
    },
    "Ringkøbing-Skjern Kommune": {
        "color": 113.15436241610739,
        "greens": 1065,
        "reds": 9,
        "yellows": 118
    },
    "Norddjurs Kommune": {
        "color": 114.50261780104712,
        "greens": 696,
        "reds": 2,
        "yellows": 66
    },
    "Slagelse Kommune": {
        "color": 100.16597510373444,
        "greens": 502,
        "reds": 18,
        "yellows": 203
    },
    "Egedal Kommune": {
        "color": 68.60986547085201,
        "greens": 55,
        "reds": 23,
        "yellows": 145
    },
    "Tønder Kommune": {
        "color": 116.65071770334929,
        "greens": 597,
        "reds": 5,
        "yellows": 25
    },
    "Favrskov Kommune": {
        "color": 92.5984251968504,
        "greens": 218,
        "reds": 11,
        "yellows": 152
    },
    "Frederikssund Kommune": {
        "color": 99.22131147540983,
        "greens": 338,
        "reds": 19,
        "yellows": 131
    },
    "Ærø Kommune": {
        "color": 114.44444444444444,
        "greens": 98,
        "reds": 0,
        "yellows": 10
    },
    "Ringsted Kommune": {
        "color": 74.11764705882354,
        "greens": 61,
        "reds": 13,
        "yellows": 130
    },
    "Aalborg Kommune": {
        "color": 97.59581881533101,
        "greens": 1159,
        "reds": 80,
        "yellows": 483
    },
    "Frederiksberg Kommune": {
        "color": 63.89423076923077,
        "greens": 148,
        "reds": 121,
        "yellows": 147
    },
    "Mariagerfjord Kommune": {
        "color": 113.5232383808096,
        "greens": 604,
        "reds": 9,
        "yellows": 54
    },
    "Morsø Kommune": {
        "color": 112.01298701298701,
        "greens": 271,
        "reds": 4,
        "yellows": 33
    },
    "Hjørring Kommune": {
        "color": 106.27368421052631,
        "greens": 1116,
        "reds": 17,
        "yellows": 292
    },
    "Bornholms Regionskommune": {
        "color": 115.456570155902,
        "greens": 418,
        "reds": 3,
        "yellows": 28
    },
    "Billund Kommune": {
        "color": 111.08108108108108,
        "greens": 190,
        "reds": 1,
        "yellows": 31
    },
    "Tårnby Kommune": {
        "color": 66.23376623376623,
        "greens": 32,
        "reds": 16,
        "yellows": 106
    },
    "Helsingør Kommune": {
        "color": 61.737649063032364,
        "greens": 176,
        "reds": 159,
        "yellows": 252
    },
    "Herlev Kommune": {
        "color": 63.24324324324324,
        "greens": 11,
        "reds": 7,
        "yellows": 56
    },
    "Vesthimmerlands Kommune": {
        "color": 118.125,
        "greens": 653,
        "reds": 2,
        "yellows": 17
    },
    "Kalundborg Kommune": {
        "color": 107.81163434903047,
        "greens": 882,
        "reds": 19,
        "yellows": 182
    },
    "Viborg Kommune": {
        "color": 97.67790262172285,
        "greens": 536,
        "reds": 33,
        "yellows": 232
    },
    "Hvidovre Kommune": {
        "color": 63.1578947368421,
        "greens": 26,
        "reds": 19,
        "yellows": 88
    },
    "Fredericia Kommune": {
        "color": 89.91253644314868,
        "greens": 199,
        "reds": 28,
        "yellows": 116
    },
    "Sønderborg Kommune": {
        "color": 111.47679324894514,
        "greens": 616,
        "reds": 6,
        "yellows": 89
    },
    "Rødovre Kommune": {
        "color": 64.34210526315789,
        "greens": 39,
        "reds": 28,
        "yellows": 85
    },
    "Brønderslev Kommune": {
        "color": 102.01405152224824,
        "greens": 305,
        "reds": 6,
        "yellows": 116
    },
    "Holbæk Kommune": {
        "color": 88.52054794520548,
        "greens": 382,
        "reds": 35,
        "yellows": 313
    },
    "Odense Kommune": {
        "color": 77.88990825688073,
        "greens": 347,
        "reds": 87,
        "yellows": 438
    },
    "Roskilde Kommune": {
        "color": 57.18969555035129,
        "greens": 76,
        "reds": 96,
        "yellows": 255
    },
    "Silkeborg Kommune": {
        "color": 84.74611398963731,
        "greens": 485,
        "reds": 87,
        "yellows": 393
    },
    "Rebild Kommune": {
        "color": 112.6890756302521,
        "greens": 212,
        "reds": 3,
        "yellows": 23
    },
    "Odsherred Kommune": {
        "color": 105.85714285714286,
        "greens": 770,
        "reds": 21,
        "yellows": 189
    },
    "Køge Kommune": {
        "color": 61.56657963446475,
        "greens": 72,
        "reds": 62,
        "yellows": 249
    },
    "Gribskov Kommune": {
        "color": 91.4859437751004,
        "greens": 468,
        "reds": 76,
        "yellows": 203
    },
    "Fredensborg Kommune": {
        "color": 58.372093023255815,
        "greens": 64,
        "reds": 71,
        "yellows": 123
    },
    "Solrød Kommune": {
        "color": 50.12658227848101,
        "greens": 18,
        "reds": 44,
        "yellows": 96
    },
    "Allerød Kommune": {
        "color": 63.02521008403362,
        "greens": 22,
        "reds": 16,
        "yellows": 81
    },
    "Thisted Kommune": {
        "color": 111.60550458715596,
        "greens": 755,
        "reds": 5,
        "yellows": 112
    },
    "Sorø Kommune": {
        "color": 85.90405904059041,
        "greens": 128,
        "reds": 11,
        "yellows": 132
    },
    "Lejre Kommune": {
        "color": 79.06137184115524,
        "greens": 106,
        "reds": 18,
        "yellows": 153
    },
    "Hedensted Kommune": {
        "color": 103.16129032258064,
        "greens": 465,
        "reds": 19,
        "yellows": 136
    },
    "Rudersdal Kommune": {
        "color": 30.717131474103585,
        "greens": 62,
        "reds": 307,
        "yellows": 133
    },
    "Dragør Kommune": {
        "color": 31.57894736842105,
        "greens": 3,
        "reds": 66,
        "yellows": 64
    },
    "Gladsaxe Kommune": {
        "color": 69.88764044943821,
        "greens": 102,
        "reds": 58,
        "yellows": 107
    },
    "Vordingborg Kommune": {
        "color": 105.65217391304348,
        "greens": 533,
        "reds": 8,
        "yellows": 149
    },
    "Gentofte Kommune": {
        "color": 34.58181818181818,
        "greens": 116,
        "reds": 349,
        "yellows": 85
    },
    "Vejle Kommune": {
        "color": 95.88591184096802,
        "greens": 765,
        "reds": 73,
        "yellows": 319
    },
    "Samsø Kommune": {
        "color": 104.86486486486487,
        "greens": 88,
        "reds": 5,
        "yellows": 18
    },
    "Brøndby Kommune": {
        "color": 65.26315789473684,
        "greens": 11,
        "reds": 6,