{
  "Nordjylland": 84.63295269168026,
  "København og Omegn": 9.204395604395604,
  "Nordsjælland": 27.531750414135836,
  "Bornholm": 99.28251121076234,
  "Sjælland": 73.7888198757764,
  "Fyn": 72.09876543209876,
  "Sydjylland": 79.76331360946746,
  "Østjylland": 56.6011825290864,
  "Vestjylland": 83.60335195530726
}
