{
    "Hillerød Kommune": 16.363636363636363,
    "Halsnæs Kommune": 64.64285714285714,
    "Esbjerg Kommune": 66.56671664167916,
    "Kerteminde Kommune": 64.69135802469135,
    "Skive Kommune": 105.07364975450082,
    "Læsø Kommune": 103.80952380952381,
    "Lolland Kommune": 113.37250293772033,
    "Stevns Kommune": 51.95402298850575,
    "Svendborg Kommune": 62.4,
    "Vallensbæk Kommune": 12.923076923076923,
    "Ringkøbing-Skjern Kommune": 95.77889447236181,
    "Norddjurs Kommune": 102.69986893840105,
    "Slagelse Kommune": 77.14285714285714,
    "Egedal Kommune": 6.457399103139013,
    "Tønder Kommune": 106.22009569377991,
    "Favrskov Kommune": 62.03655352480418,
    "Frederikssund Kommune": 65.25458248472505,
    "Ærø Kommune": 108.88888888888889,
    "Ringsted Kommune": 45.65853658536585,
    "Aalborg Kommune": 61.94444444444444,
    "Frederiksberg Kommune": 2.019230769230769,
    "Mariagerfjord Kommune": 98.41079460269864,
    "Morsø Kommune": 102.85714285714286,
    "Hjørring Kommune": 82.24246671338473,
    "Høje Taastrup Kommune": 20.40485829959514,
    "Bornholms Regionskommune": 99.51219512195122,
    "Billund Kommune": 83.24324324324324,
    "Tårnby Kommune": 6.193548387096774,
    "Helsingør Kommune": 17.785349233390118,
    "Herlev Kommune": 11.2,
    "Vesthimmerlands Kommune": 103.62017804154303,
    "Kalundborg Kommune": 92.5114995400184,
    "Viborg Kommune": 72.05992509363296,
    "Hvidovre Kommune": 14.222222222222221,
    "Fredericia Kommune": 56.67638483965015,
    "Sønderborg Kommune": 98.28892005610098,
    "Rødovre Kommune": 12.631578947368421,
    "Brønderslev Kommune": 88.8785046728972,
    "Holbæk Kommune": 58.11732605729877,
    "Odense Kommune": 34.794520547945204,
    "Roskilde Kommune": 18.65429234338747,
    "Silkeborg Kommune": 48.52119958634953,
    "Rebild Kommune": 74.11764705882354,
    "Odsherred Kommune": 86.95121951219512,
    "Køge Kommune": 13.785900783289817,
    "Gribskov Kommune": 36.64,
    "Fredensborg Kommune": 19.922779922779924,
    "Solrød Kommune": 8.354430379746836,
    "Allerød Kommune": 6.050420168067227,
    "Thisted Kommune": 99.40503432494279,
    "Sorø Kommune": 63.321033210332104,
    "Lejre Kommune": 41.85053380782918,
    "Hedensted Kommune": 76.83870967741936,
    "Rudersdal Kommune": 6.190476190476191,
    "Dragør Kommune": 1.791044776119403,
    "Gladsaxe Kommune": 26.865671641791046,
    "Vordingborg Kommune": 88.09248554913295,
    "Gentofte Kommune": 6.098003629764065,
    "Vejle Kommune": 57.78159931212382,
    "Samsø Kommune": 84.32432432432432,
    "Brøndby Kommune": 2.0689655172413794,
    "Assens Kommune": 89.0381679389313,
    "Langeland Kommune": 103.91489361702128,
    "Horsens Kommune": 56.12903225806452,
    "Næstved Kommune": 75.33234859675036,
    "Middelfart Kommune": 60.57142857142857,
    "Greve Kommune": 1.0810810810810811,
    "Herning Kommune": 67.0945945945946,
    "Furesø Kommune": 6.947368421052632,
    "Kolding Kommune": 65.2141982864137,
    "Nordfyns Kommune": 86.63101604278074,
    "Ishøj Kommune": 19.09090909090909,
    "Lemvig Kommune": 110.35460992907801,
    "Faaborg-Midtfyn Kommune": 88.28828828828829,
    "Lyngby-Taarbæk Kommune": 10.222222222222221,
    "Hørsholm Kommune": 1.6071428571428572,
    "Aarhus Kommune": 15.15358361774744,
    "Fanø Kommune": 59.178082191780824,
    "Struer Kommune": 104.07582938388626,
    "Nyborg Kommune": 79.2619926199262,
    "Randers Kommune": 72.90661070304303,
    "Haderslev Kommune": 86.1038961038961,
    "Københavns Kommune": 7.635881573133009,
    "Holstebro Kommune": 85.66423357664233,
    "Skanderborg Kommune": 30.059171597633135,
    "Frederikshavn Kommune": 81.67883211678833,
    "Varde Kommune": 83.21083172147002,
    "Albertslund Kommune": 6.206896551724138,
    "Aabenraa Kommune": 92,
    "Guldborgsund Kommune": 102.24123182207015,
    "Faxe Kommune": 58.81019830028329,
    "Ikast-Brande Kommune": 86.5945945945946,
    "Vejen Kommune": 96.69291338582677,
    "Glostrup Kommune": 13.52112676056338,
    "Ballerup Kommune": 4.137931034482759,
    "Syddjurs Kommune": 73.57492654260528,
    "Odder Kommune": 57.93103448275862,
    "Jammerbugt Kommune": 88.42718446601941
}