{
    "Hillerød Kommune": {
        "color": 16.363636363636363,
        "greens": 36,
        "reds": 228,
        "yellows": 0
    },
    "Halsnæs Kommune": {
        "color": 64.4776119402985,
        "greens": 180,
        "reds": 155,
        "yellows": 0
    },
    "Esbjerg Kommune": {
        "color": 66.50602409638554,
        "greens": 368,
        "reds": 296,
        "yellows": 0
    },
    "Kerteminde Kommune": {
        "color": 64.69135802469135,
        "greens": 131,
        "reds": 112,
        "yellows": 0
    },
    "Skive Kommune": {
        "color": 105.04918032786885,
        "greens": 534,
        "reds": 76,
        "yellows": 0
    },
    "Læsø Kommune": {
        "color": 103.68,
        "greens": 108,
        "reds": 17,
        "yellows": 0
    },
    "Lolland Kommune": {
        "color": 113.37250293772033,
        "greens": 804,
        "reds": 47,
        "yellows": 0
    },
    "Stevns Kommune": {
        "color": 51.95402298850575,
        "greens": 113,
        "reds": 148,
        "yellows": 0
    },
    "Svendborg Kommune": {
        "color": 62.4,
        "greens": 325,
        "reds": 300,
        "yellows": 0
    },
    "Vallensbæk Kommune": {
        "color": 12.923076923076923,
        "greens": 7,
        "reds": 58,
        "yellows": 0
    },
    "Ringkøbing-Skjern Kommune": {
        "color": 95.73825503355705,
        "greens": 951,
        "reds": 241,
        "yellows": 0
    },
    "Norddjurs Kommune": {
        "color": 102.72251308900523,
        "greens": 654,
        "reds": 110,
        "yellows": 0
    },
    "Slagelse Kommune": {
        "color": 77.34439834024896,
        "greens": 466,
        "reds": 257,
        "yellows": 0
    },
    "Egedal Kommune": {
        "color": 6.457399103139013,
        "greens": 12,
        "reds": 211,
        "yellows": 0
    },
    "Tønder Kommune": {
        "color": 106.22009569377991,
        "greens": 555,
        "reds": 72,
        "yellows": 0
    },
    "Favrskov Kommune": {
        "color": 62.36220472440945,
        "greens": 198,
        "reds": 183,
        "yellows": 0
    },
    "Frederikssund Kommune": {
        "color": 64.91803278688525,
        "greens": 264,
        "reds": 224,
        "yellows": 0
    },
    "Ærø Kommune": {
        "color": 108.88888888888889,
        "greens": 98,
        "reds": 10,
        "yellows": 0
    },
    "Ringsted Kommune": {
        "color": 45.88235294117647,
        "greens": 78,
        "reds": 126,
        "yellows": 0
    },
    "Aalborg Kommune": {
        "color": 61.8815331010453,
        "greens": 888,
        "reds": 834,
        "yellows": 0
    },
    "Frederiksberg Kommune": {
        "color": 2.019230769230769,
        "greens": 7,
        "reds": 409,
        "yellows": 0
    },
    "Mariagerfjord Kommune": {
        "color": 98.41079460269864,
        "greens": 547,
        "reds": 120,
        "yellows": 0
    },
    "Morsø Kommune": {
        "color": 102.85714285714286,
        "greens": 264,
        "reds": 44,
        "yellows": 0
    },
    "Hjørring Kommune": {
        "color": 82.18947368421053,
        "greens": 976,
        "reds": 449,
        "yellows": 0
    },
    "Bornholms Regionskommune": {
        "color": 99.42093541202672,
        "greens": 372,
        "reds": 77,
        "yellows": 0
    },
    "Billund Kommune": {
        "color": 83.24324324324324,
        "greens": 154,
        "reds": 68,
        "yellows": 0
    },
    "Tårnby Kommune": {
        "color": 6.233766233766234,
        "greens": 8,
        "reds": 146,
        "yellows": 0
    },
    "Helsingør Kommune": {
        "color": 17.785349233390118,
        "greens": 87,
        "reds": 500,
        "yellows": 0
    },
    "Herlev Kommune": {
        "color": 11.35135135135135,
        "greens": 7,
        "reds": 67,
        "yellows": 0
    },
    "Vesthimmerlands Kommune": {
        "color": 103.57142857142857,
        "greens": 580,
        "reds": 92,
        "yellows": 0
    },
    "Kalundborg Kommune": {
        "color": 92.5207756232687,
        "greens": 835,
        "reds": 248,
        "yellows": 0
    },
    "Viborg Kommune": {
        "color": 72.05992509363296,
        "greens": 481,
        "reds": 320,
        "yellows": 0
    },
    "Hvidovre Kommune": {
        "color": 14.436090225563909,
        "greens": 16,
        "reds": 117,
        "yellows": 0
    },
    "Fredericia Kommune": {
        "color": 56.67638483965015,
        "greens": 162,
        "reds": 181,
        "yellows": 0
    },
    "Sønderborg Kommune": {
        "color": 98.22784810126582,
        "greens": 582,
        "reds": 129,
        "yellows": 0
    },
    "Rødovre Kommune": {
        "color": 12.631578947368421,
        "greens": 16,
        "reds": 136,
        "yellows": 0
    },
    "Brønderslev Kommune": {
        "color": 88.8056206088993,
        "greens": 316,
        "reds": 111,
        "yellows": 0
    },
    "Holbæk Kommune": {
        "color": 57.863013698630134,
        "greens": 352,
        "reds": 378,
        "yellows": 0
    },
    "Odense Kommune": {
        "color": 34.95412844036697,
        "greens": 254,
        "reds": 618,
        "yellows": 0
    },
    "Roskilde Kommune": {
        "color": 18.548009367681498,
        "greens": 66,
        "reds": 361,
        "yellows": 0
    },
    "Silkeborg Kommune": {
        "color": 48.373056994818654,
        "greens": 389,
        "reds": 576,
        "yellows": 0
    },
    "Rebild Kommune": {
        "color": 74.11764705882354,
        "greens": 147,
        "reds": 91,
        "yellows": 0
    },
    "Odsherred Kommune": {
        "color": 86.93877551020408,
        "greens": 710,
        "reds": 270,
        "yellows": 0
    },
    "Køge Kommune": {
        "color": 13.785900783289817,
        "greens": 44,
        "reds": 339,
        "yellows": 0
    },
    "Gribskov Kommune": {
        "color": 36.78714859437751,
        "greens": 229,
        "reds": 518,
        "yellows": 0
    },
    "Fredensborg Kommune": {
        "color": 20,
        "greens": 43,
        "reds": 215,
        "yellows": 0
    },
    "Solrød Kommune": {
        "color": 8.354430379746836,
        "greens": 11,
        "reds": 147,
        "yellows": 0
    },
    "Allerød Kommune": {
        "color": 6.050420168067227,
        "greens": 6,
        "reds": 113,
        "yellows": 0
    },
    "Thisted Kommune": {
        "color": 99.35779816513761,
        "greens": 722,
        "reds": 150,
        "yellows": 0
    },
    "Sorø Kommune": {
        "color": 63.321033210332104,
        "greens": 143,
        "reds": 128,
        "yellows": 0
    },
    "Lejre Kommune": {
        "color": 41.588447653429604,
        "greens": 96,
        "reds": 181,
        "yellows": 0
    },
    "Hedensted Kommune": {
        "color": 76.83870967741936,
        "greens": 397,
        "reds": 223,
        "yellows": 0
    },
    "Rudersdal Kommune": {
        "color": 5.9760956175298805,
        "greens": 25,
        "reds": 477,
        "yellows": 0
    },
    "Dragør Kommune": {
        "color": 1.8045112781954886,
        "greens": 2,
        "reds": 131,
        "yellows": 0
    },
    "Gladsaxe Kommune": {
        "color": 26.51685393258427,
        "greens": 59,
        "reds": 208,
        "yellows": 0
    },
    "Vordingborg Kommune": {
        "color": 88,
        "greens": 506,
        "reds": 184,
        "yellows": 0
    },
    "Gentofte Kommune": {
        "color": 6.109090909090909,
        "greens": 28,
        "reds": 522,
        "yellows": 0
    },
    "Vejle Kommune": {
        "color": 57.77009507346586,
        "greens": 557,
        "reds": 600,
        "yellows": 0
    },
    "Samsø Kommune": {
        "color": 84.32432432432432,
        "greens": 78,
        "reds": 33,
        "yellows": 0
    },
    "Brøndby Kommune": {
        "color": 2.1052631578947367,
        "greens": 1,
        "reds": 56,
        "yellows": 0
    },